NPs,Cellline,coresize,hydrosize,surfcharge,surfarea,Expotime,dosage,Hsf,Ec,Ev,MeO,enthalpy,ratio,e,esum,esumbyo,MW,NMetal,NOxygen,ox,Celltype,toxic,n_replicates
Al2O3,HCMEC,39.7,267.0,36.3,64.7,24,0.001,-17.345,-1.51,-9.81,5.67,1187.83,5.556,1.61,3.22,1.073,101.96,2,3,3,Normal,0,1
Al2O3,HCMEC,39.7,267.0,36.3,64.7,24,0.01,-17.345,-1.51,-9.81,5.67,1187.83,5.556,1.61,3.22,1.073,101.96,2,3,3,Normal,0,1
Al2O3,HCMEC,39.7,267.0,36.3,64.7,24,0.1,-17.345,-1.51,-9.81,5.67,1187.83,5.556,1.61,3.22,1.073,101.96,2,3,3,Normal,0,1
Al2O3,HCMEC,39.7,267.0,36.3,64.7,24,1.0,-17.345,-1.51,-9.81,5.67,1187.83,5.556,1.61,3.22,1.073,101.96,2,3,3,Normal,0,1
Al2O3,HCMEC,39.7,267.0,36.3,64.7,24,5.0,-17.345,-1.51,-9.81,5.67,1187.83,5.556,1.61,3.22,1.073,101.96,2,3,3,Normal,0,1
Al2O3,HCMEC,39.7,267.0,36.3,64.7,24,10.0,-17.345,-1.51,-9.81,5.67,1187.83,5.556,1.61,3.22,1.073,101.96,2,3,3,Normal,0,1
Al2O3,HCMEC,39.7,267.0,36.3,64.7,24,20.0,-17.345,-1.51,-9.81,5.67,1187.83,5.556,1.61,3.22,1.073,101.96,2,3,3,Normal,0,1
Al2O3,HCMEC,39.7,267.0,36.3,64.7,24,50.0,-17.345,-1.51,-9.81,5.67,1187.83,5.556,1.61,3.22,1.073,101.96,2,3,3,Normal,0,1
Al2O3,HCMEC,39.7,267.0,36.3,64.7,24,100.0,-17.345,-1.51,-9.81,5.67,1187.83,5.556,1.61,3.22,1.073,101.96,2,3,3,Normal,0,1
Al2O3,HCMEC,39.7,267.0,36.3,64.7,12,0.001,-17.345,-1.51,-9.81,5.67,1187.83,5.556,1.61,3.22,1.073,101.96,2,3,3,Normal,0,1
Al2O3,HCMEC,39.7,267.0,36.3,64.7,12,0.01,-17.345,-1.51,-9.81,5.67,1187.83,5.556,1.61,3.22,1.073,101.96,2,3,3,Normal,0,1
Al2O3,HCMEC,39.7,267.0,36.3,64.7,12,0.1,-17.345,-1.51,-9.81,5.67,1187.83,5.556,1.61,3.22,1.073,101.96,2,3,3,Normal,0,1
Al2O3,HCMEC,39.7,267.0,36.3,64.7,12,1.0,-17.345,-1.51,-9.81,5.67,1187.83,5.556,1.61,3.22,1.073,101.96,2,3,3,Normal,0,1
Al2O3,HCMEC,39.7,267.0,36.3,64.7,12,5.0,-17.345,-1.51,-9.81,5.67,1187.83,5.556,1.61,3.22,1.073,101.96,2,3,3,Normal,0,1
Al2O3,HCMEC,39.7,267.0,36.3,64.7,12,10.0,-17.345,-1.51,-9.81,5.67,1187.83,5.556,1.61,3.22,1.073,101.96,2,3,3,Normal,0,1
Al2O3,HCMEC,39.7,267.0,36.3,64.7,12,20.0,-17.345,-1.51,-9.81,5.67,1187.83,5.556,1.61,3.22,1.073,101.96,2,3,3,Normal,0,1
Al2O3,HCMEC,39.7,267.0,36.3,64.7,12,50.0,-17.345,-1.51,-9.81,5.67,1187.83,5.556,1.61,3.22,1.073,101.96,2,3,3,Normal,0,1
Al2O3,HCMEC,39.7,267.0,36.3,64.7,12,100.0,-17.345,-1.51,-9.81,5.67,1187.83,5.556,1.61,3.22,1.073,101.96,2,3,3,Normal,0,1
CuO,HCMEC,46.3,239.0,42.8,24.1,24,0.001,-1.609,-5.17,-6.51,5.87,713.74,2.74,1.9,1.9,1.9,79.546,1,1,2,Normal,0,1
CuO,HCMEC,46.3,239.0,42.8,24.1,24,0.01,-1.609,-5.17,-6.51,5.87,713.74,2.74,1.9,1.9,1.9,79.546,1,1,2,Normal,0,1
CuO,HCMEC,46.3,239.0,42.8,24.1,24,0.1,-1.609,-5.17,-6.51,5.87,713.74,2.74,1.9,1.9,1.9,79.546,1,1,2,Normal,0,1
CuO,HCMEC,46.3,239.0,42.8,24.1,24,1.0,-1.609,-5.17,-6.51,5.87,713.74,2.74,1.9,1.9,1.9,79.546,1,1,2,Normal,0,1
CuO,HCMEC,46.3,239.0,42.8,24.1,24,5.0,-1.609,-5.17,-6.51,5.87,713.74,2.74,1.9,1.9,1.9,79.546,1,1,2,Normal,0,1
CuO,HCMEC,46.3,239.0,42.8,24.1,24,10.0,-1.609,-5.17,-6.51,5.87,713.74,2.74,1.9,1.9,1.9,79.546,1,1,2,Normal,1,1
CuO,HCMEC,46.3,239.0,42.8,24.1,24,20.0,-1.609,-5.17,-6.51,5.87,713.74,2.74,1.9,1.9,1.9,79.546,1,1,2,Normal,1,1
CuO,HCMEC,46.3,239.0,42.8,24.1,24,50.0,-1.609,-5.17,-6.51,5.87,713.74,2.74,1.9,1.9,1.9,79.546,1,1,2,Normal,1,1
CuO,HCMEC,46.3,239.0,42.8,24.1,24,100.0,-1.609,-5.17,-6.51,5.87,713.74,2.74,1.9,1.9,1.9,79.546,1,1,2,Normal,1,1
CuO,HCMEC,46.3,239.0,42.8,24.1,12,0.001,-1.609,-5.17,-6.51,5.87,713.74,2.74,1.9,1.9,1.9,79.546,1,1,2,Normal,0,1
CuO,HCMEC,46.3,239.0,42.8,24.1,12,0.01,-1.609,-5.17,-6.51,5.87,713.74,2.74,1.9,1.9,1.9,79.546,1,1,2,Normal,0,1
CuO,HCMEC,46.3,239.0,42.8,24.1,12,0.1,-1.609,-5.17,-6.51,5.87,713.74,2.74,1.9,1.9,1.9,79.546,1,1,2,Normal,0,1
CuO,HCMEC,46.3,239.0,42.8,24.1,12,1.0,-1.609,-5.17,-6.51,5.87,713.74,2.74,1.9,1.9,1.9,79.546,1,1,2,Normal,0,1
CuO,HCMEC,46.3,239.0,42.8,24.1,12,5.0,-1.609,-5.17,-6.51,5.87,713.74,2.74,1.9,1.9,1.9,79.546,1,1,2,Normal,0,1
CuO,HCMEC,46.3,239.0,42.8,24.1,12,10.0,-1.609,-5.17,-6.51,5.87,713.74,2.74,1.9,1.9,1.9,79.546,1,1,2,Normal,0,1
CuO,HCMEC,46.3,239.0,42.8,24.1,12,20.0,-1.609,-5.17,-6.51,5.87,713.74,2.74,1.9,1.9,1.9,79.546,1,1,2,Normal,1,1
CuO,HCMEC,46.3,239.0,42.8,24.1,12,50.0,-1.609,-5.17,-6.51,5.87,713.74,2.74,1.9,1.9,1.9,79.546,1,1,2,Normal,1,1
CuO,HCMEC,46.3,239.0,42.8,24.1,12,100.0,-1.609,-5.17,-6.51,5.87,713.74,2.74,1.9,1.9,1.9,79.546,1,1,2,Normal,1,1
Fe2O3,HCMEC,42.5,957.0,-8.2,82.8,24,0.001,-8.512,-4.99,-6.99,5.98,1363.4,5.455,1.83,3.66,1.22,159.6,2,3,3,Normal,0,1
Fe2O3,HCMEC,42.5,957.0,-8.2,82.8,24,0.01,-8.512,-4.99,-6.99,5.98,1363.4,5.455,1.83,3.66,1.22,159.6,2,3,3,Normal,0,1
Fe2O3,HCMEC,42.5,957.0,-8.2,82.8,24,0.1,-8.512,-4.99,-6.99,5.98,1363.4,5.455,1.83,3.66,1.22,159.6,2,3,3,Normal,0,1
Fe2O3,HCMEC,42.5,957.0,-8.2,82.8,24,1.0,-8.512,-4.99,-6.99,5.98,1363.4,5.455,1.83,3.66,1.22,159.6,2,3,3,Normal,0,1
Fe2O3,HCMEC,42.5,957.0,-8.2,82.8,24,5.0,-8.512,-4.99,-6.99,5.98,1363.4,5.455,1.83,3.66,1.22,159.6,2,3,3,Normal,0,1
Fe2O3,HCMEC,42.5,957.0,-8.2,82.8,24,10.0,-8.512,-4.99,-6.99,5.98,1363.4,5.455,1.83,3.66,1.22,159.6,2,3,3,Normal,0,1
Fe2O3,HCMEC,42.5,957.0,-8.2,82.8,24,20.0,-8.512,-4.99,-6.99,5.98,1363.4,5.455,1.83,3.66,1.22,159.6,2,3,3,Normal,0,1
Fe2O3,HCMEC,42.5,957.0,-8.2,82.8,24,50.0,-8.512,-4.99,-6.99,5.98,1363.4,5.455,1.83,3.66,1.22,159.6,2,3,3,Normal,0,1
Fe2O3,HCMEC,42.5,957.0,-8.2,82.8,24,100.0,-8.512,-4.99,-6.99,5.98,1363.4,5.455,1.83,3.66,1.22,159.6,2,3,3,Normal,0,1
Fe2O3,HCMEC,42.5,957.0,-8.2,82.8,12,0.001,-8.512,-4.99,-6.99,5.98,1363.4,5.455,1.83,3.66,1.22,159.6,2,3,3,Normal,0,1
Fe2O3,HCMEC,42.5,957.0,-8.2,82.8,12,0.01,-8.512,-4.99,-6.99,5.98,1363.4,5.455,1.83,3.66,1.22,159.6,2,3,3,Normal,0,1
Fe2O3,HCMEC,42.5,957.0,-8.2,82.8,12,0.1,-8.512,-4.99,-6.99,5.98,1363.4,5.455,1.83,3.66,1.22,159.6,2,3,3,Normal,0,1
Fe2O3,HCMEC,42.5,957.0,-8.2,82.8,12,1.0,-8.512,-4.99,-6.99,5.98,1363.4,5.455,1.83,3.66,1.22,159.6,2,3,3,Normal,0,1
Fe2O3,HCMEC,42.5,957.0,-8.2,82.8,12,5.0,-8.512,-4.99,-6.99,5.98,1363.4,5.455,1.83,3.66,1.22,159.6,2,3,3,Normal,0,1
Fe2O3,HCMEC,42.5,957.0,-8.2,82.8,12,10.0,-8.512,-4.99,-6.99,5.98,1363.4,5.455,1.83,3.66,1.22,159.6,2,3,3,Normal,0,1
Fe2O3,HCMEC,42.5,957.0,-8.2,82.8,12,20.0,-8.512,-4.99,-6.99,5.98,1363.4,5.455,1.83,3.66,1.22,159.6,2,3,3,Normal,0,1
Fe2O3,HCMEC,42.5,957.0,-8.2,82.8,12,50.0,-8.512,-4.99,-6.99,5.98,1363.4,5.455,1.83,3.66,1.22,159.6,2,3,3,Normal,0,1
Fe2O3,HCMEC,42.5,957.0,-8.2,82.8,12,100.0,-8.512,-4.99,-6.99,5.98,1363.4,5.455,1.83,3.66,1.22,159.6,2,3,3,Normal,0,1
TiO2,SHSY5Y,25.0,504.5,-10.7,210.0,24,1e-05,-9.779,-4.16,-7.49,5.77,1575.73,6.557,1.54,1.54,0.77,79.86,1,2,4,Cancer,0,1
TiO2,SHSY5Y,25.0,504.5,-10.7,210.0,24,20.0,-9.779,-4.16,-7.49,5.77,1575.73,6.557,1.54,1.54,0.77,79.86,1,2,4,Cancer,0,2
TiO2,SHSY5Y,25.0,504.5,-10.7,210.0,24,40.0,-9.779,-4.16,-7.49,5.77,1575.73,6.557,1.54,1.54,0.77,79.86,1,2,4,Cancer,0,2
TiO2,SHSY5Y,25.0,504.5,-10.7,210.0,24,60.0,-9.779,-4.16,-7.49,5.77,1575.73,6.557,1.54,1.54,0.77,79.86,1,2,4,Cancer,0,2
TiO2,SHSY5Y,25.0,504.5,-10.7,210.0,24,80.0,-9.779,-4.16,-7.49,5.77,1575.73,6.557,1.54,1.54,0.77,79.86,1,2,4,Cancer,0,2
TiO2,SHSY5Y,25.0,504.5,-10.7,210.0,24,100.0,-9.779,-4.16,-7.49,5.77,1575.73,6.557,1.54,1.54,0.77,79.86,1,2,4,Cancer,0,2
TiO2,SHSY5Y,25.0,504.5,-10.7,210.0,24,120.0,-9.779,-4.16,-7.49,5.77,1575.73,6.557,1.54,1.54,0.77,79.86,1,2,4,Cancer,0,2
TiO2,SHSY5Y,25.0,504.5,-10.7,210.0,24,150.0,-9.779,-4.16,-7.49,5.77,1575.73,6.557,1.54,1.54,0.77,79.86,1,2,4,Cancer,0,2
TiO2,SHSY5Y,25.0,504.5,-10.7,210.0,6,1e-05,-9.779,-4.16,-7.49,5.77,1575.73,6.557,1.54,1.54,0.77,79.86,1,2,4,Cancer,0,1
TiO2,SHSY5Y,25.0,504.5,-10.7,210.0,6,20.0,-9.779,-4.16,-7.49,5.77,1575.73,6.557,1.54,1.54,0.77,79.86,1,2,4,Cancer,0,2
TiO2,SHSY5Y,25.0,504.5,-10.7,210.0,6,40.0,-9.779,-4.16,-7.49,5.77,1575.73,6.557,1.54,1.54,0.77,79.86,1,2,4,Cancer,0,2
TiO2,SHSY5Y,25.0,504.5,-10.7,210.0,6,60.0,-9.779,-4.16,-7.49,5.77,1575.73,6.557,1.54,1.54,0.77,79.86,1,2,4,Cancer,0,2
TiO2,SHSY5Y,25.0,504.5,-10.7,210.0,6,80.0,-9.779,-4.16,-7.49,5.77,1575.73,6.557,1.54,1.54,0.77,79.86,1,2,4,Cancer,0,2
TiO2,SHSY5Y,25.0,504.5,-10.7,210.0,6,100.0,-9.779,-4.16,-7.49,5.77,1575.73,6.557,1.54,1.54,0.77,79.86,1,2,4,Cancer,0,2
TiO2,SHSY5Y,25.0,504.5,-10.7,210.0,6,120.0,-9.779,-4.16,-7.49,5.77,1575.73,6.557,1.54,1.54,0.77,79.86,1,2,4,Cancer,0,2
TiO2,SHSY5Y,25.0,504.5,-10.7,210.0,6,150.0,-9.779,-4.16,-7.49,5.77,1575.73,6.557,1.54,1.54,0.77,79.86,1,2,4,Cancer,0,2
TiO2,SHSY5Y,25.0,504.5,-10.7,210.0,3,1e-05,-9.779,-4.16,-7.49,5.77,1575.73,6.557,1.54,1.54,0.77,79.86,1,2,4,Cancer,0,1
TiO2,SHSY5Y,25.0,504.5,-10.7,210.0,3,20.0,-9.779,-4.16,-7.49,5.77,1575.73,6.557,1.54,1.54,0.77,79.86,1,2,4,Cancer,0,2
TiO2,SHSY5Y,25.0,504.5,-10.7,210.0,3,40.0,-9.779,-4.16,-7.49,5.77,1575.73,6.557,1.54,1.54,0.77,79.86,1,2,4,Cancer,0,2
TiO2,SHSY5Y,25.0,504.5,-10.7,210.0,3,60.0,-9.779,-4.16,-7.49,5.77,1575.73,6.557,1.54,1.54,0.77,79.86,1,2,4,Cancer,0,2
TiO2,SHSY5Y,25.0,504.5,-10.7,210.0,3,80.0,-9.779,-4.16,-7.49,5.77,1575.73,6.557,1.54,1.54,0.77,79.86,1,2,4,Cancer,0,2
TiO2,SHSY5Y,25.0,504.5,-10.7,210.0,3,100.0,-9.779,-4.16,-7.49,5.77,1575.73,6.557,1.54,1.54,0.77,79.86,1,2,4,Cancer,0,2
TiO2,SHSY5Y,25.0,504.5,-10.7,210.0,3,120.0,-9.779,-4.16,-7.49,5.77,1575.73,6.557,1.54,1.54,0.77,79.86,1,2,4,Cancer,0,2
TiO2,SHSY5Y,25.0,504.5,-10.7,210.0,3,150.0,-9.779,-4.16,-7.49,5.77,1575.73,6.557,1.54,1.54,0.77,79.86,1,2,4,Cancer,0,2
TiO2,SHSY5Y,25.0,228.3,-10.7,40.0,24,1e-05,-9.779,-4.16,-7.49,5.77,1575.73,6.557,1.54,1.54,0.77,79.86,1,2,4,Cancer,0,1
TiO2,SHSY5Y,25.0,228.3,-10.7,40.0,24,20.0,-9.779,-4.16,-7.49,5.77,1575.73,6.557,1.54,1.54,0.77,79.86,1,2,4,Cancer,0,2
TiO2,SHSY5Y,25.0,228.3,-10.7,40.0,24,40.0,-9.779,-4.16,-7.49,5.77,1575.73,6.557,1.54,1.54,0.77,79.86,1,2,4,Cancer,0,2
TiO2,SHSY5Y,25.0,228.3,-10.7,40.0,24,60.0,-9.779,-4.16,-7.49,5.77,1575.73,6.557,1.54,1.54,0.77,79.86,1,2,4,Cancer,0,2
TiO2,SHSY5Y,25.0,228.3,-10.7,40.0,24,80.0,-9.779,-4.16,-7.49,5.77,1575.73,6.557,1.54,1.54,0.77,79.86,1,2,4,Cancer,0,2
TiO2,SHSY5Y,25.0,228.3,-10.7,40.0,24,100.0,-9.779,-4.16,-7.49,5.77,1575.73,6.557,1.54,1.54,0.77,79.86,1,2,4,Cancer,0,2
TiO2,SHSY5Y,25.0,228.3,-10.7,40.0,24,120.0,-9.779,-4.16,-7.49,5.77,1575.73,6.557,1.54,1.54,0.77,79.86,1,2,4,Cancer,0,2
TiO2,SHSY5Y,25.0,228.3,-10.7,40.0,24,150.0,-9.779,-4.16,-7.49,5.77,1575.73,6.557,1.54,1.54,0.77,79.86,1,2,4,Cancer,0,2
TiO2,SHSY5Y,25.0,228.3,-10.7,40.0,6,1e-05,-9.779,-4.16,-7.49,5.77,1575.73,6.557,1.54,1.54,0.77,79.86,1,2,4,Cancer,0,1
TiO2,SHSY5Y,25.0,228.3,-10.7,40.0,6,20.0,-9.779,-4.16,-7.49,5.77,1575.73,6.557,1.54,1.54,0.77,79.86,1,2,4,Cancer,0,2
TiO2,SHSY5Y,25.0,228.3,-10.7,40.0,6,40.0,-9.779,-4.16,-7.49,5.77,1575.73,6.557,1.54,1.54,0.77,79.86,1,2,4,Cancer,0,2
TiO2,SHSY5Y,25.0,228.3,-10.7,40.0,6,60.0,-9.779,-4.16,-7.49,5.77,1575.73,6.557,1.54,1.54,0.77,79.86,1,2,4,Cancer,0,2
TiO2,SHSY5Y,25.0,228.3,-10.7,40.0,6,80.0,-9.779,-4.16,-7.49,5.77,1575.73,6.557,1.54,1.54,0.77,79.86,1,2,4,Cancer,0,2
TiO2,SHSY5Y,25.0,228.3,-10.7,40.0,6,100.0,-9.779,-4.16,-7.49,5.77,1575.73,6.557,1.54,1.54,0.77,79.86,1,2,4,Cancer,0,2
TiO2,SHSY5Y,25.0,228.3,-10.7,40.0,6,120.0,-9.779,-4.16,-7.49,5.77,1575.73,6.557,1.54,1.54,0.77,79.86,1,2,4,Cancer,0,2
TiO2,SHSY5Y,25.0,228.3,-10.7,40.0,6,150.0,-9.779,-4.16,-7.49,5.77,1575.73,6.557,1.54,1.54,0.77,79.86,1,2,4,Cancer,0,2
TiO2,SHSY5Y,25.0,228.3,-10.7,40.0,3,1e-05,-9.779,-4.16,-7.49,5.77,1575.73,6.557,1.54,1.54,0.77,79.86,1,2,4,Cancer,0,1
TiO2,SHSY5Y,25.0,228.3,-10.7,40.0,3,20.0,-9.779,-4.16,-7.49,5.77,1575.73,6.557,1.54,1.54,0.77,79.86,1,2,4,Cancer,0,2
TiO2,SHSY5Y,25.0,228.3,-10.7,40.0,3,40.0,-9.779,-4.16,-7.49,5.77,1575.73,6.557,1.54,1.54,0.77,79.86,1,2,4,Cancer,0,2
TiO2,SHSY5Y,25.0,228.3,-10.7,40.0,3,60.0,-9.779,-4.16,-7.49,5.77,1575.73,6.557,1.54,1.54,0.77,79.86,1,2,4,Cancer,0,2
TiO2,SHSY5Y,25.0,228.3,-10.7,40.0,3,80.0,-9.779,-4.16,-7.49,5.77,1575.73,6.557,1.54,1.54,0.77,79.86,1,2,4,Cancer,0,2
TiO2,SHSY5Y,25.0,228.3,-10.7,40.0,3,100.0,-9.779,-4.16,-7.49,5.77,1575.73,6.557,1.54,1.54,0.77,79.86,1,2,4,Cancer,0,2
TiO2,SHSY5Y,25.0,228.3,-10.7,40.0,3,120.0,-9.779,-4.16,-7.49,5.77,1575.73,6.557,1.54,1.54,0.77,79.86,1,2,4,Cancer,0,2
TiO2,SHSY5Y,25.0,228.3,-10.7,40.0,3,150.0,-9.779,-4.16,-7.49,5.77,1575.73,6.557,1.54,1.54,0.77,79.86,1,2,4,Cancer,0,2
TiO2,MCF10A,21.0,74.0,-9.42,57.0,24,1e-05,-9.779,-4.16,-7.49,5.77,1575.73,6.557,1.54,1.54,0.77,79.86,1,2,4,Cancer,0,2
TiO2,MCF10A,21.0,74.0,-9.42,57.0,24,150.0,-9.779,-4.16,-7.49,5.77,1575.73,6.557,1.54,1.54,0.77,79.86,1,2,4,Cancer,0,2
TiO2,WI38,21.0,74.0,-9.42,57.0,24,1e-05,-9.779,-4.16,-7.49,5.77,1575.73,6.557,1.54,1.54,0.77,79.86,1,2,4,Normal,0,4
TiO2,WI38,21.0,74.0,-9.42,57.0,24,150.0,-9.779,-4.16,-7.49,5.77,1575.73,6.557,1.54,1.54,0.77,79.86,1,2,4,Normal,0,4
TiO2,ChangLiv,21.0,133.0,-9.42,57.0,24,1e-05,-9.779,-4.16,-7.49,5.77,1575.73,6.557,1.54,1.54,0.77,79.86,1,2,4,Normal,0,2
TiO2,ChangLiv,21.0,133.0,-9.42,57.0,24,150.0,-9.779,-4.16,-7.49,5.77,1575.73,6.557,1.54,1.54,0.77,79.86,1,2,4,Normal,0,2
TiO2,ChangLiv,21.0,327.0,-9.42,57.0,24,1e-05,-9.779,-4.16,-7.49,5.77,1575.73,6.557,1.54,1.54,0.77,79.86,1,2,4,Normal,0,2
TiO2,L02,40.0,322.3,-25.27,50.0,24,1e-05,-9.779,-4.16,-7.49,5.77,1575.73,6.557,1.54,1.54,0.77,79.86,1,2,4,Normal,0,1
TiO2,L02,40.0,322.3,-25.27,50.0,24,1.0,-9.779,-4.16,-7.49,5.77,1575.73,6.557,1.54,1.54,0.77,79.86,1,2,4,Normal,0,1
TiO2,L02,40.0,322.3,-25.27,50.0,24,5.0,-9.779,-4.16,-7.49,5.77,1575.73,6.557,1.54,1.54,0.77,79.86,1,2,4,Normal,0,1
TiO2,L02,40.0,322.3,-25.27,50.0,24,10.0,-9.779,-4.16,-7.49,5.77,1575.73,6.557,1.54,1.54,0.77,79.86,1,2,4,Normal,0,1
TiO2,L02,40.0,322.3,-25.27,50.0,12,1e-05,-9.779,-4.16,-7.49,5.77,1575.73,6.557,1.54,1.54,0.77,79.86,1,2,4,Normal,0,1
TiO2,L02,40.0,322.3,-25.27,50.0,12,1.0,-9.779,-4.16,-7.49,5.77,1575.73,6.557,1.54,1.54,0.77,79.86,1,2,4,Normal,0,1
TiO2,L02,40.0,322.3,-25.27,50.0,12,5.0,-9.779,-4.16,-7.49,5.77,1575.73,6.557,1.54,1.54,0.77,79.86,1,2,4,Normal,0,1
TiO2,L02,40.0,322.3,-25.27,50.0,12,10.0,-9.779,-4.16,-7.49,5.77,1575.73,6.557,1.54,1.54,0.77,79.86,1,2,4,Normal,0,1
TiO2,L02,40.0,322.3,-25.27,50.0,6,1e-05,-9.779,-4.16,-7.49,5.77,1575.73,6.557,1.54,1.54,0.77,79.86,1,2,4,Normal,0,1
TiO2,L02,40.0,322.3,-25.27,50.0,6,1.0,-9.779,-4.16,-7.49,5.77,1575.73,6.557,1.54,1.54,0.77,79.86,1,2,4,Normal,0,1
TiO2,L02,40.0,322.3,-25.27,50.0,6,5.0,-9.779,-4.16,-7.49,5.77,1575.73,6.557,1.54,1.54,0.77,79.86,1,2,4,Normal,0,1
TiO2,L02,40.0,322.3,-25.27,50.0,6,10.0,-9.779,-4.16,-7.49,5.77,1575.73,6.557,1.54,1.54,0.77,79.86,1,2,4,Normal,0,1
TiO2,BEAS2B,20.0,707.0,-12.1,50.4,24,1e-05,-9.779,-4.16,-7.49,5.77,1575.73,6.557,1.54,1.54,0.77,79.86,1,2,4,Normal,0,1
TiO2,BEAS2B,20.0,707.0,-12.1,50.4,24,10.0,-9.779,-4.16,-7.49,5.77,1575.73,6.557,1.54,1.54,0.77,79.86,1,2,4,Normal,0,1
TiO2,BEAS2B,20.0,707.0,-12.1,50.4,24,30.0,-9.779,-4.16,-7.49,5.77,1575.73,6.557,1.54,1.54,0.77,79.86,1,2,4,Normal,0,1
TiO2,BEAS2B,20.0,707.0,-12.1,50.4,24,100.0,-9.779,-4.16,-7.49,5.77,1575.73,6.557,1.54,1.54,0.77,79.86,1,2,4,Normal,0,1
TiO2,BEAS2B,20.0,707.0,-12.1,50.4,24,300.0,-9.779,-4.16,-7.49,5.77,1575.73,6.557,1.54,1.54,0.77,79.86,1,2,4,Normal,0,1
TiO2,BEAS2B,10.0,1457.0,-11.0,166.0,24,1e-05,-9.779,-4.16,-7.49,5.77,1575.73,6.557,1.54,1.54,0.77,79.86,1,2,4,Normal,0,1
TiO2,BEAS2B,10.0,1457.0,-11.0,166.0,24,10.0,-9.779,-4.16,-7.49,5.77,1575.73,6.557,1.54,1.54,0.77,79.86,1,2,4,Normal,0,1
TiO2,BEAS2B,10.0,1457.0,-11.0,166.0,24,30.0,-9.779,-4.16,-7.49,5.77,1575.73,6.557,1.54,1.54,0.77,79.86,1,2,4,Normal,0,1
TiO2,BEAS2B,10.0,1457.0,-11.0,166.0,24,100.0,-9.779,-4.16,-7.49,5.77,1575.73,6.557,1.54,1.54,0.77,79.86,1,2,4,Normal,0,1
TiO2,BEAS2B,10.0,1457.0,-11.0,166.0,24,300.0,-9.779,-4.16,-7.49,5.77,1575.73,6.557,1.54,1.54,0.77,79.86,1,2,4,Normal,0,1
TiO2,A549,35.0,1814.0,-35.5,66.0,72,1e-05,-9.779,-4.16,-7.49,5.77,1575.73,6.557,1.54,1.54,0.77,79.86,1,2,4,Cancer,0,1
TiO2,A549,35.0,1814.0,-35.5,66.0,72,6.25,-9.779,-4.16,-7.49,5.77,1575.73,6.557,1.54,1.54,0.77,79.86,1,2,4,Cancer,0,1
TiO2,A549,35.0,1814.0,-35.5,66.0,72,12.5,-9.779,-4.16,-7.49,5.77,1575.73,6.557,1.54,1.54,0.77,79.86,1,2,4,Cancer,0,1
TiO2,A549,35.0,1814.0,-35.5,66.0,72,25.0,-9.779,-4.16,-7.49,5.77,1575.73,6.557,1.54,1.54,0.77,79.86,1,2,4,Cancer,0,1
TiO2,A549,35.0,1814.0,-35.5,66.0,72,50.0,-9.779,-4.16,-7.49,5.77,1575.73,6.557,1.54,1.54,0.77,79.86,1,2,4,Cancer,0,1
TiO2,A549,35.0,1814.0,-35.5,66.0,12,1e-05,-9.779,-4.16,-7.49,5.77,1575.73,6.557,1.54,1.54,0.77,79.86,1,2,4,Cancer,0,1
TiO2,A549,35.0,1814.0,-35.5,66.0,12,6.25,-9.779,-4.16,-7.49,5.77,1575.73,6.557,1.54,1.54,0.77,79.86,1,2,4,Cancer,0,1
TiO2,A549,35.0,1814.0,-35.5,66.0,12,12.5,-9.779,-4.16,-7.49,5.77,1575.73,6.557,1.54,1.54,0.77,79.86,1,2,4,Cancer,0,1
TiO2,A549,35.0,1814.0,-35.5,66.0,12,25.0,-9.779,-4.16,-7.49,5.77,1575.73,6.557,1.54,1.54,0.77,79.86,1,2,4,Cancer,0,1
TiO2,A549,35.0,1814.0,-35.5,66.0,12,50.0,-9.779,-4.16,-7.49,5.77,1575.73,6.557,1.54,1.54,0.77,79.86,1,2,4,Cancer,0,1
TiO2,A549,30.0,1843.0,-30.8,69.0,72,1e-05,-9.779,-4.16,-7.49,5.77,1575.73,6.557,1.54,1.54,0.77,79.86,1,2,4,Cancer,0,1
TiO2,A549,30.0,1843.0,-30.8,69.0,72,6.25,-9.779,-4.16,-7.49,5.77,1575.73,6.557,1.54,1.54,0.77,79.86,1,2,4,Cancer,0,1
TiO2,A549,30.0,1843.0,-30.8,69.0,72,12.5,-9.779,-4.16,-7.49,5.77,1575.73,6.557,1.54,1.54,0.77,79.86,1,2,4,Cancer,0,1
TiO2,A549,30.0,1843.0,-30.8,69.0,72,25.0,-9.779,-4.16,-7.49,5.77,1575.73,6.557,1.54,1.54,0.77,79.86,1,2,4,Cancer,0,1
TiO2,A549,30.0,1843.0,-30.8,69.0,72,50.0,-9.779,-4.16,-7.49,5.77,1575.73,6.557,1.54,1.54,0.77,79.86,1,2,4,Cancer,0,1
TiO2,A549,30.0,1843.0,-30.8,69.0,12,1e-05,-9.779,-4.16,-7.49,5.77,1575.73,6.557,1.54,1.54,0.77,79.86,1,2,4,Cancer,0,1
TiO2,A549,30.0,1843.0,-30.8,69.0,12,6.25,-9.779,-4.16,-7.49,5.77,1575.73,6.557,1.54,1.54,0.77,79.86,1,2,4,Cancer,0,1
TiO2,A549,30.0,1843.0,-30.8,69.0,12,12.5,-9.779,-4.16,-7.49,5.77,1575.73,6.557,1.54,1.54,0.77,79.86,1,2,4,Cancer,0,1
TiO2,A549,30.0,1843.0,-30.8,69.0,12,25.0,-9.779,-4.16,-7.49,5.77,1575.73,6.557,1.54,1.54,0.77,79.86,1,2,4,Cancer,0,1
TiO2,A549,30.0,1843.0,-30.8,69.0,12,50.0,-9.779,-4.16,-7.49,5.77,1575.73,6.557,1.54,1.54,0.77,79.86,1,2,4,Cancer,0,1
TiO2,A549,125.0,1054.0,-40.8,38.0,72,1e-05,-9.779,-4.16,-7.49,5.77,1575.73,6.557,1.54,1.54,0.77,79.86,1,2,4,Cancer,0,1
TiO2,A549,125.0,1054.0,-40.8,38.0,72,6.25,-9.779,-4.16,-7.49,5.77,1575.73,6.557,1.54,1.54,0.77,79.86,1,2,4,Cancer,0,1
TiO2,A549,125.0,1054.0,-40.8,38.0,72,12.5,-9.779,-4.16,-7.49,5.77,1575.73,6.557,1.54,1.54,0.77,79.86,1,2,4,Cancer,0,1
TiO2,A549,125.0,1054.0,-40.8,38.0,72,25.0,-9.779,-4.16,-7.49,5.77,1575.73,6.557,1.54,1.54,0.77,79.86,1,2,4,Cancer,0,1
TiO2,A549,125.0,1054.0,-40.8,38.0,72,50.0,-9.779,-4.16,-7.49,5.77,1575.73,6.557,1.54,1.54,0.77,79.86,1,2,4,Cancer,1,1
TiO2,A549,125.0,1054.0,-40.8,38.0,12,1e-05,-9.779,-4.16,-7.49,5.77,1575.73,6.557,1.54,1.54,0.77,79.86,1,2,4,Cancer,0,1
TiO2,A549,125.0,1054.0,-40.8,38.0,12,6.25,-9.779,-4.16,-7.49,5.77,1575.73,6.557,1.54,1.54,0.77,79.86,1,2,4,Cancer,0,1
TiO2,A549,125.0,1054.0,-40.8,38.0,12,12.5,-9.779,-4.16,-7.49,5.77,1575.73,6.557,1.54,1.54,0.77,79.86,1,2,4,Cancer,0,1
TiO2,A549,125.0,1054.0,-40.8,38.0,12,25.0,-9.779,-4.16,-7.49,5.77,1575.73,6.557,1.54,1.54,0.77,79.86,1,2,4,Cancer,0,1
TiO2,A549,125.0,1054.0,-40.8,38.0,12,50.0,-9.779,-4.16,-7.49,5.77,1575.73,6.557,1.54,1.54,0.77,79.86,1,2,4,Cancer,0,1
TiO2,SW480,33.7,303.0,-25.3,42.5,24,0.1,-9.779,-4.16,-7.49,5.77,1575.73,6.557,1.54,1.54,0.77,79.86,1,2,4,Cancer,0,3
TiO2,SW480,33.7,303.0,-25.3,42.5,24,1.0,-9.779,-4.16,-7.49,5.77,1575.73,6.557,1.54,1.54,0.77,79.86,1,2,4,Cancer,0,3
TiO2,SW480,33.7,303.0,-25.3,42.5,24,10.0,-9.779,-4.16,-7.49,5.77,1575.73,6.557,1.54,1.54,0.77,79.86,1,2,4,Cancer,0,3
TiO2,Caco2,33.7,308.0,-25.3,42.5,24,0.1,-9.779,-4.16,-7.49,5.77,1575.73,6.557,1.54,1.54,0.77,79.86,1,2,4,Cancer,0,3
TiO2,Caco2,33.7,308.0,-25.3,42.5,24,1.0,-9.779,-4.16,-7.49,5.77,1575.73,6.557,1.54,1.54,0.77,79.86,1,2,4,Cancer,0,3
TiO2,Caco2,33.7,308.0,-25.3,42.5,24,10.0,-9.779,-4.16,-7.49,5.77,1575.73,6.557,1.54,1.54,0.77,79.86,1,2,4,Cancer,0,3
TiO2,Caco2,33.7,308.0,-25.3,42.5,24,100.0,-9.779,-4.16,-7.49,5.77,1575.73,6.557,1.54,1.54,0.77,79.86,1,2,4,Cancer,0,3
TiO2,SW480,33.7,303.0,-25.3,42.5,48,0.1,-9.779,-4.16,-7.49,5.77,1575.73,6.557,1.54,1.54,0.77,79.86,1,2,4,Cancer,0,1
TiO2,SW480,33.7,303.0,-25.3,42.5,48,1.0,-9.779,-4.16,-7.49,5.77,1575.73,6.557,1.54,1.54,0.77,79.86,1,2,4,Cancer,0,1
TiO2,SW480,33.7,303.0,-25.3,42.5,48,10.0,-9.779,-4.16,-7.49,5.77,1575.73,6.557,1.54,1.54,0.77,79.86,1,2,4,Cancer,0,1
TiO2,SW480,33.7,303.0,-25.3,42.5,48,100.0,-9.779,-4.16,-7.49,5.77,1575.73,6.557,1.54,1.54,0.77,79.86,1,2,4,Cancer,0,1
TiO2,Caco2,33.7,308.0,-25.3,42.5,48,0.1,-9.779,-4.16,-7.49,5.77,1575.73,6.557,1.54,1.54,0.77,79.86,1,2,4,Cancer,0,1
TiO2,Caco2,33.7,308.0,-25.3,42.5,48,1.0,-9.779,-4.16,-7.49,5.77,1575.73,6.557,1.54,1.54,0.77,79.86,1,2,4,Cancer,0,1
TiO2,Caco2,33.7,308.0,-25.3,42.5,48,10.0,-9.779,-4.16,-7.49,5.77,1575.73,6.557,1.54,1.54,0.77,79.86,1,2,4,Cancer,0,1
TiO2,Caco2,33.7,308.0,-25.3,42.5,48,100.0,-9.779,-4.16,-7.49,5.77,1575.73,6.557,1.54,1.54,0.77,79.86,1,2,4,Cancer,0,1
ZnO,HCMEC,45.3,310.0,32.7,21.3,24,0.001,-3.608,-3.89,-7.2,5.67,662.44,2.703,1.65,1.65,1.65,81.38,1,1,2,Normal,0,1
ZnO,HCMEC,45.3,310.0,32.7,21.3,24,0.01,-3.608,-3.89,-7.2,5.67,662.44,2.703,1.65,1.65,1.65,81.38,1,1,2,Normal,0,1
ZnO,HCMEC,45.3,310.0,32.7,21.3,24,0.1,-3.608,-3.89,-7.2,5.67,662.44,2.703,1.65,1.65,1.65,81.38,1,1,2,Normal,0,1
ZnO,HCMEC,45.3,310.0,32.7,21.3,24,1.0,-3.608,-3.89,-7.2,5.67,662.44,2.703,1.65,1.65,1.65,81.38,1,1,2,Normal,0,1
ZnO,HCMEC,45.3,310.0,32.7,21.3,24,5.0,-3.608,-3.89,-7.2,5.67,662.44,2.703,1.65,1.65,1.65,81.38,1,1,2,Normal,0,1
ZnO,HCMEC,45.3,310.0,32.7,21.3,24,10.0,-3.608,-3.89,-7.2,5.67,662.44,2.703,1.65,1.65,1.65,81.38,1,1,2,Normal,0,1
ZnO,HCMEC,45.3,310.0,32.7,21.3,24,20.0,-3.608,-3.89,-7.2,5.67,662.44,2.703,1.65,1.65,1.65,81.38,1,1,2,Normal,1,1
ZnO,HCMEC,45.3,310.0,32.7,21.3,24,50.0,-3.608,-3.89,-7.2,5.67,662.44,2.703,1.65,1.65,1.65,81.38,1,1,2,Normal,1,1
ZnO,HCMEC,45.3,310.0,32.7,21.3,24,100.0,-3.608,-3.89,-7.2,5.67,662.44,2.703,1.65,1.65,1.65,81.38,1,1,2,Normal,1,1
ZnO,HCMEC,45.3,310.0,32.7,21.3,12,0.001,-3.608,-3.89,-7.2,5.67,662.44,2.703,1.65,1.65,1.65,81.38,1,1,2,Normal,0,1
ZnO,HCMEC,45.3,310.0,32.7,21.3,12,0.01,-3.608,-3.89,-7.2,5.67,662.44,2.703,1.65,1.65,1.65,81.38,1,1,2,Normal,0,1
ZnO,HCMEC,45.3,310.0,32.7,21.3,12,0.1,-3.608,-3.89,-7.2,5.67,662.44,2.703,1.65,1.65,1.65,81.38,1,1,2,Normal,0,1
ZnO,HCMEC,45.3,310.0,32.7,21.3,12,1.0,-3.608,-3.89,-7.2,5.67,662.44,2.703,1.65,1.65,1.65,81.38,1,1,2,Normal,0,1
ZnO,HCMEC,45.3,310.0,32.7,21.3,12,5.0,-3.608,-3.89,-7.2,5.67,662.44,2.703,1.65,1.65,1.65,81.38,1,1,2,Normal,0,1
ZnO,HCMEC,45.3,310.0,32.7,21.3,12,10.0,-3.608,-3.89,-7.2,5.67,662.44,2.703,1.65,1.65,1.65,81.38,1,1,2,Normal,0,1
ZnO,HCMEC,45.3,310.0,32.7,21.3,12,20.0,-3.608,-3.89,-7.2,5.67,662.44,2.703,1.65,1.65,1.65,81.38,1,1,2,Normal,0,1
ZnO,HCMEC,45.3,310.0,32.7,21.3,12,50.0,-3.608,-3.89,-7.2,5.67,662.44,2.703,1.65,1.65,1.65,81.38,1,1,2,Normal,1,1
ZnO,HCMEC,45.3,310.0,32.7,21.3,12,100.0,-3.608,-3.89,-7.2,5.67,662.44,2.703,1.65,1.65,1.65,81.38,1,1,2,Normal,1,1
ZnO,HONDC,115.0,360.0,-10.0,14.4,24,10.0,-3.608,-3.89,-7.2,5.67,662.44,2.703,1.65,1.65,1.65,81.38,1,1,2,Normal,0,2
ZnO,HONDC,115.0,360.0,-10.0,14.4,24,20.0,-3.608,-3.89,-7.2,5.67,662.44,2.703,1.65,1.65,1.65,81.38,1,1,2,Normal,0,2
ZnO,HONDC,115.0,360.0,-10.0,14.4,24,30.0,-3.608,-3.89,-7.2,5.67,662.44,2.703,1.65,1.65,1.65,81.38,1,1,2,Normal,1,2
ZnO,HONDC,115.0,360.0,-10.0,14.4,24,50.0,-3.608,-3.89,-7.2,5.67,662.44,2.703,1.65,1.65,1.65,81.38,1,1,2,Normal,1,2
ZnO,HONDC,115.0,360.0,-10.0,14.4,24,80.0,-3.608,-3.89,-7.2,5.67,662.44,2.703,1.65,1.65,1.65,81.38,1,1,2,Normal,1,2
ZnO,HONDC,115.0,500.0,-9.0,14.5,24,10.0,-3.608,-3.89,-7.2,5.67,662.44,2.703,1.65,1.65,1.65,81.38,1,1,2,Normal,0,2
ZnO,HONDC,115.0,500.0,-9.0,14.5,24,20.0,-3.608,-3.89,-7.2,5.67,662.44,2.703,1.65,1.65,1.65,81.38,1,1,2,Normal,0,2
ZnO,HONDC,115.0,500.0,-9.0,14.5,24,30.0,-3.608,-3.89,-7.2,5.67,662.44,2.703,1.65,1.65,1.65,81.38,1,1,2,Normal,1,2
ZnO,HONDC,115.0,500.0,-9.0,14.5,24,50.0,-3.608,-3.89,-7.2,5.67,662.44,2.703,1.65,1.65,1.65,81.38,1,1,2,Normal,1,2
ZnO,HONDC,115.0,500.0,-9.0,14.5,24,80.0,-3.608,-3.89,-7.2,5.67,662.44,2.703,1.65,1.65,1.65,81.38,1,1,2,Normal,1,2
ZnO,A549,60.0,329.0,-9.3,7.34,24,1e-05,-3.608,-3.89,-7.2,5.67,662.44,2.703,1.65,1.65,1.65,81.38,1,1,2,Cancer,0,1
ZnO,A549,60.0,329.0,-9.3,7.34,24,5.0,-3.608,-3.89,-7.2,5.67,662.44,2.703,1.65,1.65,1.65,81.38,1,1,2,Cancer,0,1
ZnO,A549,60.0,329.0,-9.3,7.34,24,10.0,-3.608,-3.89,-7.2,5.67,662.44,2.703,1.65,1.65,1.65,81.38,1,1,2,Cancer,0,1
ZnO,A549,60.0,329.0,-9.3,7.34,24,20.0,-3.608,-3.89,-7.2,5.67,662.44,2.703,1.65,1.65,1.65,81.38,1,1,2,Cancer,0,1
ZnO,A549,60.0,329.0,-9.3,7.34,24,40.0,-3.608,-3.89,-7.2,5.67,662.44,2.703,1.65,1.65,1.65,81.38,1,1,2,Cancer,1,1
ZnO,A549,60.0,329.0,-9.3,7.34,24,80.0,-3.608,-3.89,-7.2,5.67,662.44,2.703,1.65,1.65,1.65,81.38,1,1,2,Cancer,1,1
ZnO,A549,60.0,320.0,-7.5,7.34,24,1e-05,-3.608,-3.89,-7.2,5.67,662.44,2.703,1.65,1.65,1.65,81.38,1,1,2,Cancer,0,1
ZnO,A549,60.0,320.0,-7.5,7.34,24,5.0,-3.608,-3.89,-7.2,5.67,662.44,2.703,1.65,1.65,1.65,81.38,1,1,2,Cancer,0,1
ZnO,A549,60.0,320.0,-7.5,7.34,24,10.0,-3.608,-3.89,-7.2,5.67,662.44,2.703,1.65,1.65,1.65,81.38,1,1,2,Cancer,0,1
ZnO,A549,60.0,320.0,-7.5,7.34,24,20.0,-3.608,-3.89,-7.2,5.67,662.44,2.703,1.65,1.65,1.65,81.38,1,1,2,Cancer,1,1
ZnO,A549,60.0,320.0,-7.5,7.34,24,40.0,-3.608,-3.89,-7.2,5.67,662.44,2.703,1.65,1.65,1.65,81.38,1,1,2,Cancer,1,1
ZnO,A549,60.0,320.0,-7.5,7.34,24,80.0,-3.608,-3.89,-7.2,5.67,662.44,2.703,1.65,1.65,1.65,81.38,1,1,2,Cancer,1,1
ZnO,A549,60.0,936.0,-2.4,7.34,24,1e-05,-3.608,-3.89,-7.2,5.67,662.44,2.703,1.65,1.65,1.65,81.38,1,1,2,Cancer,0,1
ZnO,A549,60.0,936.0,-2.4,7.34,24,5.0,-3.608,-3.89,-7.2,5.67,662.44,2.703,1.65,1.65,1.65,81.38,1,1,2,Cancer,0,1
ZnO,A549,60.0,936.0,-2.4,7.34,24,10.0,-3.608,-3.89,-7.2,5.67,662.44,2.703,1.65,1.65,1.65,81.38,1,1,2,Cancer,0,1
ZnO,A549,60.0,936.0,-2.4,7.34,24,20.0,-3.608,-3.89,-7.2,5.67,662.44,2.703,1.65,1.65,1.65,81.38,1,1,2,Cancer,1,1
ZnO,A549,60.0,936.0,-2.4,7.34,24,40.0,-3.608,-3.89,-7.2,5.67,662.44,2.703,1.65,1.65,1.65,81.38,1,1,2,Cancer,1,1
ZnO,A549,60.0,936.0,-2.4,7.34,24,80.0,-3.608,-3.89,-7.2,5.67,662.44,2.703,1.65,1.65,1.65,81.38,1,1,2,Cancer,1,1
ZnO,SHSY5Y,100.0,273.4,-11.7,20.0,48,1e-05,-3.608,-3.89,-7.2,5.67,662.44,2.703,1.65,1.65,1.65,81.38,1,1,2,Cancer,0,2
ZnO,SHSY5Y,100.0,273.4,-11.7,20.0,48,10.0,-3.608,-3.89,-7.2,5.67,662.44,2.703,1.65,1.65,1.65,81.38,1,1,2,Cancer,0,2
ZnO,SHSY5Y,100.0,273.4,-11.7,20.0,48,15.0,-3.608,-3.89,-7.2,5.67,662.44,2.703,1.65,1.65,1.65,81.38,1,1,2,Cancer,0,2
ZnO,SHSY5Y,100.0,273.4,-11.7,20.0,48,20.0,-3.608,-3.89,-7.2,5.67,662.44,2.703,1.65,1.65,1.65,81.38,1,1,2,Cancer,0,2
ZnO,SHSY5Y,100.0,273.4,-11.7,20.0,48,25.0,-3.608,-3.89,-7.2,5.67,662.44,2.703,1.65,1.65,1.65,81.38,1,1,2,Cancer,1,2
ZnO,SHSY5Y,100.0,273.4,-11.7,20.0,48,30.0,-3.608,-3.89,-7.2,5.67,662.44,2.703,1.65,1.65,1.65,81.38,1,1,2,Cancer,1,2
ZnO,SHSY5Y,100.0,273.4,-11.7,20.0,48,35.0,-3.608,-3.89,-7.2,5.67,662.44,2.703,1.65,1.65,1.65,81.38,1,1,2,Cancer,1,2
ZnO,SHSY5Y,100.0,273.4,-11.7,20.0,48,40.0,-3.608,-3.89,-7.2,5.67,662.44,2.703,1.65,1.65,1.65,81.38,1,1,2,Cancer,1,2
ZnO,SHSY5Y,100.0,273.4,-11.7,20.0,48,80.0,-3.608,-3.89,-7.2,5.67,662.44,2.703,1.65,1.65,1.65,81.38,1,1,2,Cancer,0,1
ZnO,SHSY5Y,100.0,273.4,-11.7,20.0,24,1e-05,-3.608,-3.89,-7.2,5.67,662.44,2.703,1.65,1.65,1.65,81.38,1,1,2,Cancer,0,2
ZnO,SHSY5Y,100.0,273.4,-11.7,20.0,24,10.0,-3.608,-3.89,-7.2,5.67,662.44,2.703,1.65,1.65,1.65,81.38,1,1,2,Cancer,0,2
ZnO,SHSY5Y,100.0,273.4,-11.7,20.0,24,15.0,-3.608,-3.89,-7.2,5.67,662.44,2.703,1.65,1.65,1.65,81.38,1,1,2,Cancer,0,2
ZnO,SHSY5Y,100.0,273.4,-11.7,20.0,24,20.0,-3.608,-3.89,-7.2,5.67,662.44,2.703,1.65,1.65,1.65,81.38,1,1,2,Cancer,0,2
ZnO,SHSY5Y,100.0,273.4,-11.7,20.0,24,25.0,-3.608,-3.89,-7.2,5.67,662.44,2.703,1.65,1.65,1.65,81.38,1,1,2,Cancer,1,2
ZnO,SHSY5Y,100.0,273.4,-11.7,20.0,24,30.0,-3.608,-3.89,-7.2,5.67,662.44,2.703,1.65,1.65,1.65,81.38,1,1,2,Cancer,1,2
ZnO,SHSY5Y,100.0,273.4,-11.7,20.0,24,35.0,-3.608,-3.89,-7.2,5.67,662.44,2.703,1.65,1.65,1.65,81.38,1,1,2,Cancer,1,2
ZnO,SHSY5Y,100.0,273.4,-11.7,20.0,24,40.0,-3.608,-3.89,-7.2,5.67,662.44,2.703,1.65,1.65,1.65,81.38,1,1,2,Cancer,1,2
ZnO,SHSY5Y,100.0,273.4,-11.7,20.0,24,80.0,-3.608,-3.89,-7.2,5.67,662.44,2.703,1.65,1.65,1.65,81.38,1,1,2,Cancer,1,2
ZnO,SHSY5Y,100.0,273.4,-11.7,20.0,6,1e-05,-3.608,-3.89,-7.2,5.67,662.44,2.703,1.65,1.65,1.65,81.38,1,1,2,Cancer,0,2
ZnO,SHSY5Y,100.0,273.4,-11.7,20.0,6,10.0,-3.608,-3.89,-7.2,5.67,662.44,2.703,1.65,1.65,1.65,81.38,1,1,2,Cancer,0,2
ZnO,SHSY5Y,100.0,273.4,-11.7,20.0,6,15.0,-3.608,-3.89,-7.2,5.67,662.44,2.703,1.65,1.65,1.65,81.38,1,1,2,Cancer,0,2
ZnO,SHSY5Y,100.0,273.4,-11.7,20.0,6,20.0,-3.608,-3.89,-7.2,5.67,662.44,2.703,1.65,1.65,1.65,81.38,1,1,2,Cancer,0,2
ZnO,SHSY5Y,100.0,273.4,-11.7,20.0,6,25.0,-3.608,-3.89,-7.2,5.67,662.44,2.703,1.65,1.65,1.65,81.38,1,1,2,Cancer,0,2
ZnO,SHSY5Y,100.0,273.4,-11.7,20.0,6,30.0,-3.608,-3.89,-7.2,5.67,662.44,2.703,1.65,1.65,1.65,81.38,1,1,2,Cancer,0,2
ZnO,SHSY5Y,100.0,273.4,-11.7,20.0,6,35.0,-3.608,-3.89,-7.2,5.67,662.44,2.703,1.65,1.65,1.65,81.38,1,1,2,Cancer,0,2
ZnO,SHSY5Y,100.0,273.4,-11.7,20.0,6,40.0,-3.608,-3.89,-7.2,5.67,662.44,2.703,1.65,1.65,1.65,81.38,1,1,2,Cancer,0,2
ZnO,SHSY5Y,100.0,273.4,-11.7,20.0,6,80.0,-3.608,-3.89,-7.2,5.67,662.44,2.703,1.65,1.65,1.65,81.38,1,1,2,Cancer,1,2
ZnO,SHSY5Y,100.0,273.4,-11.7,20.0,3,1e-05,-3.608,-3.89,-7.2,5.67,662.44,2.703,1.65,1.65,1.65,81.38,1,1,2,Cancer,0,2
ZnO,SHSY5Y,100.0,273.4,-11.7,20.0,3,10.0,-3.608,-3.89,-7.2,5.67,662.44,2.703,1.65,1.65,1.65,81.38,1,1,2,Cancer,0,2
ZnO,SHSY5Y,100.0,273.4,-11.7,20.0,3,15.0,-3.608,-3.89,-7.2,5.67,662.44,2.703,1.65,1.65,1.65,81.38,1,1,2,Cancer,0,2
ZnO,SHSY5Y,100.0,273.4,-11.7,20.0,3,20.0,-3.608,-3.89,-7.2,5.67,662.44,2.703,1.65,1.65,1.65,81.38,1,1,2,Cancer,0,2
ZnO,SHSY5Y,100.0,273.4,-11.7,20.0,3,25.0,-3.608,-3.89,-7.2,5.67,662.44,2.703,1.65,1.65,1.65,81.38,1,1,2,Cancer,0,2
ZnO,SHSY5Y,100.0,273.4,-11.7,20.0,3,30.0,-3.608,-3.89,-7.2,5.67,662.44,2.703,1.65,1.65,1.65,81.38,1,1,2,Cancer,0,2
ZnO,SHSY5Y,100.0,273.4,-11.7,20.0,3,35.0,-3.608,-3.89,-7.2,5.67,662.44,2.703,1.65,1.65,1.65,81.38,1,1,2,Cancer,0,2
ZnO,SHSY5Y,100.0,273.4,-11.7,20.0,3,40.0,-3.608,-3.89,-7.2,5.67,662.44,2.703,1.65,1.65,1.65,81.38,1,1,2,Cancer,0,2
ZnO,SHSY5Y,100.0,273.4,-11.7,20.0,3,80.0,-3.608,-3.89,-7.2,5.67,662.44,2.703,1.65,1.65,1.65,81.38,1,1,2,Cancer,1,2
ZnO,A549,86.0,687.0,31.3,7.0,72,1e-05,-3.608,-3.89,-7.2,5.67,662.44,2.703,1.65,1.65,1.65,81.38,1,1,2,Cancer,0,1
ZnO,A549,86.0,687.0,31.3,7.0,72,1.56,-3.608,-3.89,-7.2,5.67,662.44,2.703,1.65,1.65,1.65,81.38,1,1,2,Cancer,0,1
ZnO,A549,86.0,687.0,31.3,7.0,72,3.13,-3.608,-3.89,-7.2,5.67,662.44,2.703,1.65,1.65,1.65,81.38,1,1,2,Cancer,0,1
ZnO,A549,86.0,687.0,31.3,7.0,72,6.25,-3.608,-3.89,-7.2,5.67,662.44,2.703,1.65,1.65,1.65,81.38,1,1,2,Cancer,0,1
ZnO,A549,86.0,687.0,31.3,7.0,72,12.5,-3.608,-3.89,-7.2,5.67,662.44,2.703,1.65,1.65,1.65,81.38,1,1,2,Cancer,1,1
ZnO,A549,86.0,687.0,31.3,7.0,72,25.0,-3.608,-3.89,-7.2,5.67,662.44,2.703,1.65,1.65,1.65,81.38,1,1,2,Cancer,1,1
ZnO,A549,86.0,687.0,31.3,7.0,72,50.0,-3.608,-3.89,-7.2,5.67,662.44,2.703,1.65,1.65,1.65,81.38,1,1,2,Cancer,1,1
ZnO,A549,86.0,687.0,31.3,7.0,24,1e-05,-3.608,-3.89,-7.2,5.67,662.44,2.703,1.65,1.65,1.65,81.38,1,1,2,Cancer,0,1
ZnO,A549,86.0,687.0,31.3,7.0,24,1.56,-3.608,-3.89,-7.2,5.67,662.44,2.703,1.65,1.65,1.65,81.38,1,1,2,Cancer,0,1
ZnO,A549,86.0,687.0,31.3,7.0,24,3.13,-3.608,-3.89,-7.2,5.67,662.44,2.703,1.65,1.65,1.65,81.38,1,1,2,Cancer,0,1
ZnO,A549,86.0,687.0,31.3,7.0,24,6.25,-3.608,-3.89,-7.2,5.67,662.44,2.703,1.65,1.65,1.65,81.38,1,1,2,Cancer,0,1
ZnO,A549,86.0,687.0,31.3,7.0,24,12.5,-3.608,-3.89,-7.2,5.67,662.44,2.703,1.65,1.65,1.65,81.38,1,1,2,Cancer,1,1
ZnO,A549,86.0,687.0,31.3,7.0,24,25.0,-3.608,-3.89,-7.2,5.67,662.44,2.703,1.65,1.65,1.65,81.38,1,1,2,Cancer,1,1
ZnO,A549,86.0,687.0,31.3,7.0,24,50.0,-3.608,-3.89,-7.2,5.67,662.44,2.703,1.65,1.65,1.65,81.38,1,1,2,Cancer,1,1
ZnO,A549,86.0,687.0,31.3,7.0,12,1e-05,-3.608,-3.89,-7.2,5.67,662.44,2.703,1.65,1.65,1.65,81.38,1,1,2,Cancer,0,1
ZnO,A549,86.0,687.0,31.3,7.0,12,1.56,-3.608,-3.89,-7.2,5.67,662.44,2.703,1.65,1.65,1.65,81.38,1,1,2,Cancer,0,1
ZnO,A549,86.0,687.0,31.3,7.0,12,3.13,-3.608,-3.89,-7.2,5.67,662.44,2.703,1.65,1.65,1.65,81.38,1,1,2,Cancer,0,1
ZnO,A549,86.0,687.0,31.3,7.0,12,6.25,-3.608,-3.89,-7.2,5.67,662.44,2.703,1.65,1.65,1.65,81.38,1,1,2,Cancer,0,1
ZnO,A549,86.0,687.0,31.3,7.0,12,12.5,-3.608,-3.89,-7.2,5.67,662.44,2.703,1.65,1.65,1.65,81.38,1,1,2,Cancer,0,1
ZnO,A549,86.0,687.0,31.3,7.0,12,25.0,-3.608,-3.89,-7.2,5.67,662.44,2.703,1.65,1.65,1.65,81.38,1,1,2,Cancer,0,1
ZnO,A549,86.0,687.0,31.3,7.0,12,50.0,-3.608,-3.89,-7.2,5.67,662.44,2.703,1.65,1.65,1.65,81.38,1,1,2,Cancer,0,1
ZnO,A549,52.0,640.0,29.4,15.0,72,1e-05,-3.608,-3.89,-7.2,5.67,662.44,2.703,1.65,1.65,1.65,81.38,1,1,2,Cancer,0,1
ZnO,A549,52.0,640.0,29.4,15.0,72,1.56,-3.608,-3.89,-7.2,5.67,662.44,2.703,1.65,1.65,1.65,81.38,1,1,2,Cancer,0,1
ZnO,A549,52.0,640.0,29.4,15.0,72,3.13,-3.608,-3.89,-7.2,5.67,662.44,2.703,1.65,1.65,1.65,81.38,1,1,2,Cancer,0,1
ZnO,A549,52.0,640.0,29.4,15.0,72,6.25,-3.608,-3.89,-7.2,5.67,662.44,2.703,1.65,1.65,1.65,81.38,1,1,2,Cancer,0,1
ZnO,A549,52.0,640.0,29.4,15.0,72,12.5,-3.608,-3.89,-7.2,5.67,662.44,2.703,1.65,1.65,1.65,81.38,1,1,2,Cancer,1,1
ZnO,A549,52.0,640.0,29.4,15.0,72,25.0,-3.608,-3.89,-7.2,5.67,662.44,2.703,1.65,1.65,1.65,81.38,1,1,2,Cancer,1,1
ZnO,A549,52.0,640.0,29.4,15.0,72,50.0,-3.608,-3.89,-7.2,5.67,662.44,2.703,1.65,1.65,1.65,81.38,1,1,2,Cancer,1,1
ZnO,A549,52.0,640.0,29.4,15.0,24,1e-05,-3.608,-3.89,-7.2,5.67,662.44,2.703,1.65,1.65,1.65,81.38,1,1,2,Cancer,0,1
ZnO,A549,52.0,640.0,29.4,15.0,24,1.56,-3.608,-3.89,-7.2,5.67,662.44,2.703,1.65,1.65,1.65,81.38,1,1,2,Cancer,0,1
ZnO,A549,52.0,640.0,29.4,15.0,24,3.13,-3.608,-3.89,-7.2,5.67,662.44,2.703,1.65,1.65,1.65,81.38,1,1,2,Cancer,0,1
ZnO,A549,52.0,640.0,29.4,15.0,24,6.25,-3.608,-3.89,-7.2,5.67,662.44,2.703,1.65,1.65,1.65,81.38,1,1,2,Cancer,0,1
ZnO,A549,52.0,640.0,29.4,15.0,24,12.5,-3.608,-3.89,-7.2,5.67,662.44,2.703,1.65,1.65,1.65,81.38,1,1,2,Cancer,1,1
ZnO,A549,52.0,640.0,29.4,15.0,24,25.0,-3.608,-3.89,-7.2,5.67,662.44,2.703,1.65,1.65,1.65,81.38,1,1,2,Cancer,1,1
ZnO,A549,52.0,640.0,29.4,15.0,24,50.0,-3.608,-3.89,-7.2,5.67,662.44,2.703,1.65,1.65,1.65,81.38,1,1,2,Cancer,1,1
ZnO,A549,52.0,640.0,29.4,15.0,12,1e-05,-3.608,-3.89,-7.2,5.67,662.44,2.703,1.65,1.65,1.65,81.38,1,1,2,Cancer,0,1
ZnO,A549,52.0,640.0,29.4,15.0,12,1.56,-3.608,-3.89,-7.2,5.67,662.44,2.703,1.65,1.65,1.65,81.38,1,1,2,Cancer,0,1
ZnO,A549,52.0,640.0,29.4,15.0,12,3.13,-3.608,-3.89,-7.2,5.67,662.44,2.703,1.65,1.65,1.65,81.38,1,1,2,Cancer,0,1
ZnO,A549,52.0,640.0,29.4,15.0,12,6.25,-3.608,-3.89,-7.2,5.67,662.44,2.703,1.65,1.65,1.65,81.38,1,1,2,Cancer,0,1
ZnO,A549,52.0,640.0,29.4,15.0,12,12.5,-3.608,-3.89,-7.2,5.67,662.44,2.703,1.65,1.65,1.65,81.38,1,1,2,Cancer,0,1
ZnO,A549,52.0,640.0,29.4,15.0,12,25.0,-3.608,-3.89,-7.2,5.67,662.44,2.703,1.65,1.65,1.65,81.38,1,1,2,Cancer,0,1
ZnO,A549,52.0,640.0,29.4,15.0,12,50.0,-3.608,-3.89,-7.2,5.67,662.44,2.703,1.65,1.65,1.65,81.38,1,1,2,Cancer,0,1
ZnO,A549,7.5,795.0,27.4,90.0,72,1e-05,-3.608,-3.89,-7.2,5.67,662.44,2.703,1.65,1.65,1.65,81.38,1,1,2,Cancer,0,1
ZnO,A549,7.5,795.0,27.4,90.0,72,1.56,-3.608,-3.89,-7.2,5.67,662.44,2.703,1.65,1.65,1.65,81.38,1,1,2,Cancer,0,1
ZnO,A549,7.5,795.0,27.4,90.0,72,3.13,-3.608,-3.89,-7.2,5.67,662.44,2.703,1.65,1.65,1.65,81.38,1,1,2,Cancer,0,1
ZnO,A549,7.5,795.0,27.4,90.0,72,6.25,-3.608,-3.89,-7.2,5.67,662.44,2.703,1.65,1.65,1.65,81.38,1,1,2,Cancer,0,1
ZnO,A549,7.5,795.0,27.4,90.0,72,12.5,-3.608,-3.89,-7.2,5.67,662.44,2.703,1.65,1.65,1.65,81.38,1,1,2,Cancer,1,1
ZnO,A549,7.5,795.0,27.4,90.0,72,25.0,-3.608,-3.89,-7.2,5.67,662.44,2.703,1.65,1.65,1.65,81.38,1,1,2,Cancer,1,1
ZnO,A549,7.5,795.0,27.4,90.0,72,50.0,-3.608,-3.89,-7.2,5.67,662.44,2.703,1.65,1.65,1.65,81.38,1,1,2,Cancer,1,1
ZnO,A549,7.5,795.0,27.4,90.0,24,1e-05,-3.608,-3.89,-7.2,5.67,662.44,2.703,1.65,1.65,1.65,81.38,1,1,2,Cancer,0,1
ZnO,A549,7.5,795.0,27.4,90.0,24,1.56,-3.608,-3.89,-7.2,5.67,662.44,2.703,1.65,1.65,1.65,81.38,1,1,2,Cancer,0,1
ZnO,A549,7.5,795.0,27.4,90.0,24,3.13,-3.608,-3.89,-7.2,5.67,662.44,2.703,1.65,1.65,1.65,81.38,1,1,2,Cancer,0,1
ZnO,A549,7.5,795.0,27.4,90.0,24,6.25,-3.608,-3.89,-7.2,5.67,662.44,2.703,1.65,1.65,1.65,81.38,1,1,2,Cancer,0,1
ZnO,A549,7.5,795.0,27.4,90.0,24,12.5,-3.608,-3.89,-7.2,5.67,662.44,2.703,1.65,1.65,1.65,81.38,1,1,2,Cancer,0,1
ZnO,A549,7.5,795.0,27.4,90.0,24,25.0,-3.608,-3.89,-7.2,5.67,662.44,2.703,1.65,1.65,1.65,81.38,1,1,2,Cancer,1,1
ZnO,A549,7.5,795.0,27.4,90.0,24,50.0,-3.608,-3.89,-7.2,5.67,662.44,2.703,1.65,1.65,1.65,81.38,1,1,2,Cancer,1,1
ZnO,A549,7.5,795.0,27.4,90.0,12,1e-05,-3.608,-3.89,-7.2,5.67,662.44,2.703,1.65,1.65,1.65,81.38,1,1,2,Cancer,0,1
ZnO,A549,7.5,795.0,27.4,90.0,12,1.56,-3.608,-3.89,-7.2,5.67,662.44,2.703,1.65,1.65,1.65,81.38,1,1,2,Cancer,0,1
ZnO,A549,7.5,795.0,27.4,90.0,12,3.13,-3.608,-3.89,-7.2,5.67,662.44,2.703,1.65,1.65,1.65,81.38,1,1,2,Cancer,0,1
ZnO,A549,7.5,795.0,27.4,90.0,12,6.25,-3.608,-3.89,-7.2,5.67,662.44,2.703,1.65,1.65,1.65,81.38,1,1,2,Cancer,0,1
ZnO,A549,7.5,795.0,27.4,90.0,12,12.5,-3.608,-3.89,-7.2,5.67,662.44,2.703,1.65,1.65,1.65,81.38,1,1,2,Cancer,0,1
ZnO,A549,7.5,795.0,27.4,90.0,12,25.0,-3.608,-3.89,-7.2,5.67,662.44,2.703,1.65,1.65,1.65,81.38,1,1,2,Cancer,1,1
ZnO,A549,7.5,795.0,27.4,90.0,12,50.0,-3.608,-3.89,-7.2,5.67,662.44,2.703,1.65,1.65,1.65,81.38,1,1,2,Cancer,1,1
ZnO,A549,32.0,1093.0,21.6,37.0,72,1e-05,-3.608,-3.89,-7.2,5.67,662.44,2.703,1.65,1.65,1.65,81.38,1,1,2,Cancer,0,1
ZnO,A549,32.0,1093.0,21.6,37.0,72,1.56,-3.608,-3.89,-7.2,5.67,662.44,2.703,1.65,1.65,1.65,81.38,1,1,2,Cancer,0,1
ZnO,A549,32.0,1093.0,21.6,37.0,72,3.13,-3.608,-3.89,-7.2,5.67,662.44,2.703,1.65,1.65,1.65,81.38,1,1,2,Cancer,0,1
ZnO,A549,32.0,1093.0,21.6,37.0,72,6.25,-3.608,-3.89,-7.2,5.67,662.44,2.703,1.65,1.65,1.65,81.38,1,1,2,Cancer,0,1
ZnO,A549,32.0,1093.0,21.6,37.0,72,12.5,-3.608,-3.89,-7.2,5.67,662.44,2.703,1.65,1.65,1.65,81.38,1,1,2,Cancer,1,1
ZnO,A549,32.0,1093.0,21.6,37.0,72,25.0,-3.608,-3.89,-7.2,5.67,662.44,2.703,1.65,1.65,1.65,81.38,1,1,2,Cancer,1,1
ZnO,A549,32.0,1093.0,21.6,37.0,72,50.0,-3.608,-3.89,-7.2,5.67,662.44,2.703,1.65,1.65,1.65,81.38,1,1,2,Cancer,1,1
ZnO,A549,32.0,1093.0,21.6,37.0,24,1e-05,-3.608,-3.89,-7.2,5.67,662.44,2.703,1.65,1.65,1.65,81.38,1,1,2,Cancer,0,1
ZnO,A549,32.0,1093.0,21.6,37.0,24,1.56,-3.608,-3.89,-7.2,5.67,662.44,2.703,1.65,1.65,1.65,81.38,1,1,2,Cancer,0,1
ZnO,A549,32.0,1093.0,21.6,37.0,24,3.13,-3.608,-3.89,-7.2,5.67,662.44,2.703,1.65,1.65,1.65,81.38,1,1,2,Cancer,0,1
ZnO,A549,32.0,1093.0,21.6,37.0,24,6.25,-3.608,-3.89,-7.2,5.67,662.44,2.703,1.65,1.65,1.65,81.38,1,1,2,Cancer,0,1
ZnO,A549,32.0,1093.0,21.6,37.0,24,12.5,-3.608,-3.89,-7.2,5.67,662.44,2.703,1.65,1.65,1.65,81.38,1,1,2,Cancer,0,1
ZnO,A549,32.0,1093.0,21.6,37.0,24,25.0,-3.608,-3.89,-7.2,5.67,662.44,2.703,1.65,1.65,1.65,81.38,1,1,2,Cancer,1,1
ZnO,A549,32.0,1093.0,21.6,37.0,24,50.0,-3.608,-3.89,-7.2,5.67,662.44,2.703,1.65,1.65,1.65,81.38,1,1,2,Cancer,1,1
ZnO,A549,32.0,1093.0,21.6,37.0,12,1e-05,-3.608,-3.89,-7.2,5.67,662.44,2.703,1.65,1.65,1.65,81.38,1,1,2,Cancer,0,1
ZnO,A549,32.0,1093.0,21.6,37.0,12,1.56,-3.608,-3.89,-7.2,5.67,662.44,2.703,1.65,1.65,1.65,81.38,1,1,2,Cancer,0,1
ZnO,A549,32.0,1093.0,21.6,37.0,12,3.13,-3.608,-3.89,-7.2,5.67,662.44,2.703,1.65,1.65,1.65,81.38,1,1,2,Cancer,0,1
ZnO,A549,32.0,1093.0,21.6,37.0,12,6.25,-3.608,-3.89,-7.2,5.67,662.44,2.703,1.65,1.65,1.65,81.38,1,1,2,Cancer,0,1
ZnO,A549,32.0,1093.0,21.6,37.0,12,12.5,-3.608,-3.89,-7.2,5.67,662.44,2.703,1.65,1.65,1.65,81.38,1,1,2,Cancer,0,1
ZnO,A549,32.0,1093.0,21.6,37.0,12,25.0,-3.608,-3.89,-7.2,5.67,662.44,2.703,1.65,1.65,1.65,81.38,1,1,2,Cancer,0,1
ZnO,A549,32.0,1093.0,21.6,37.0,12,50.0,-3.608,-3.89,-7.2,5.67,662.44,2.703,1.65,1.65,1.65,81.38,1,1,2,Cancer,1,1
ZnO,SW480,35.6,295.5,-41.6,27.9,24,0.1,-3.608,-3.89,-7.2,5.67,662.44,2.703,1.65,1.65,1.65,81.38,1,1,2,Cancer,0,3
ZnO,SW480,35.6,295.5,-41.6,27.9,24,10.0,-3.608,-3.89,-7.2,5.67,662.44,2.703,1.65,1.65,1.65,81.38,1,1,2,Cancer,1,3
ZnO,SW480,35.6,295.5,-41.6,27.9,24,100.0,-3.608,-3.89,-7.2,5.67,662.44,2.703,1.65,1.65,1.65,81.38,1,1,2,Cancer,1,3
ZnO,Caco2,35.6,236.0,-41.6,27.9,24,0.1,-3.608,-3.89,-7.2,5.67,662.44,2.703,1.65,1.65,1.65,81.38,1,1,2,Cancer,0,3
ZnO,Caco2,35.6,236.0,-41.6,27.9,24,1.0,-3.608,-3.89,-7.2,5.67,662.44,2.703,1.65,1.65,1.65,81.38,1,1,2,Cancer,0,3
ZnO,SW480,35.6,295.5,-41.6,27.9,48,0.1,-3.608,-3.89,-7.2,5.67,662.44,2.703,1.65,1.65,1.65,81.38,1,1,2,Cancer,0,1
ZnO,SW480,35.6,295.5,-41.6,27.9,48,1.0,-3.608,-3.89,-7.2,5.67,662.44,2.703,1.65,1.65,1.65,81.38,1,1,2,Cancer,0,1
ZnO,SW480,35.6,295.5,-41.6,27.9,48,10.0,-3.608,-3.89,-7.2,5.67,662.44,2.703,1.65,1.65,1.65,81.38,1,1,2,Cancer,1,1
ZnO,SW480,35.6,295.5,-41.6,27.9,48,100.0,-3.608,-3.89,-7.2,5.67,662.44,2.703,1.65,1.65,1.65,81.38,1,1,2,Cancer,1,1
ZnO,Caco2,35.6,236.0,-41.6,27.9,48,0.1,-3.608,-3.89,-7.2,5.67,662.44,2.703,1.65,1.65,1.65,81.38,1,1,2,Cancer,0,1
ZnO,Caco2,35.6,236.0,-41.6,27.9,48,1.0,-3.608,-3.89,-7.2,5.67,662.44,2.703,1.65,1.65,1.65,81.38,1,1,2,Cancer,0,1
ZnO,Caco2,35.6,236.0,-41.6,27.9,48,10.0,-3.608,-3.89,-7.2,5.67,662.44,2.703,1.65,1.65,1.65,81.38,1,1,2,Cancer,0,1
ZnO,Caco2,35.6,236.0,-41.6,27.9,48,100.0,-3.608,-3.89,-7.2,5.67,662.44,2.703,1.65,1.65,1.65,81.38,1,1,2,Cancer,1,1
