,correlation_with_toxicity
ratio,-0.4148734758418204
enthalpy,-0.41031800291688886
esumbyo,0.40635346899527913
ox,-0.39996368993546016
NOxygen,-0.38558213872738156
Hsf,0.3833731489775432
surfarea,-0.24142987075070046
MeO,-0.2267894660017517
e,0.21961099627163402
Ev,0.20368022520903864
coresize,0.19726191209996957
Expotime,0.1907292865024293
dosage,0.17647668464079902
NMetal,-0.16351944967611115
surfcharge,0.15666494287568872
MW,-0.12663612750417044
esum,-0.1151419548506598
hydrosize,-0.07882468333822056
Ec,-0.03122949996206765
